Stock,Date,Open,High,Low,Close,Volume,Dividends,Stock Splits
AFRM,2022-12-23 00:00:00-05:00,9.050000191,9.385000229,8.880000114,9.18999958,10908900,0,0
AFRM,2022-12-27 00:00:00-05:00,8.970000267,9.164999962,8.630000114,8.909999847,14115500,0,0
AFRM,2022-12-28 00:00:00-05:00,8.805000305,9.18900013,8.760000229,9.029999733,11056200,0,0
AFRM,2022-12-29 00:00:00-05:00,9.199999809,9.949999809,9.039999962,9.659999847,16966600,0,0
AFRM,2022-12-30 00:00:00-05:00,9.449999809,9.720000267,9.324999809,9.670000076,10458400,0,0
AFRM,2023-01-03 00:00:00-05:00,10.02000046,10.22999954,8.949999809,9.100000381,14783500,0,0
AFRM,2023-01-04 00:00:00-05:00,9.350000381,10.05000019,9.140000343,9.890000343,16311100,0,0
AFRM,2023-01-05 00:00:00-05:00,9.670000076,9.720999718,9.180000305,9.18999958,11763800,0,0
AFRM,2023-01-06 00:00:00-05:00,9.100000381,9.338999748,8.800000191,9.06000042,12487400,0,0
AFRM,2023-01-09 00:00:00-05:00,9.31000042,9.819999695,9.210000038,9.430000305,13617600,0,0
AFRM,2023-01-10 00:00:00-05:00,9.31000042,10.07999992,9.100000381,10.06000042,12314300,0,0
AFRM,2023-01-11 00:00:00-05:00,10.18000031,11.35000038,10.03999996,11.31999969,23287900,0,0
AFRM,2023-01-12 00:00:00-05:00,11.47000027,12.21000004,10.84000015,12.19999981,21853500,0,0
AFRM,2023-01-13 00:00:00-05:00,11.75,12.93999958,11.71000004,12.88000011,19009900,0,0
AFRM,2023-01-17 00:00:00-05:00,12.88000011,13.55000019,12.54500008,13.44999981,14529000,0,0
AFRM,2023-01-18 00:00:00-05:00,13.80000019,14.56999969,12.89999962,12.97999954,22009500,0,0
AFRM,2023-01-19 00:00:00-05:00,12.42000008,12.68500042,11.90999985,12.25,20007200,0,0
AFRM,2023-01-20 00:00:00-05:00,12.55000019,14.30000019,12.28499985,14.30000019,20373000,0,0
AFRM,2023-01-23 00:00:00-05:00,14.52999973,15.81999969,14.21000004,15.44999981,24866000,0,0
AFRM,2023-01-24 00:00:00-05:00,15.11999989,16.04999924,14.18999958,14.31999969,20382600,0,0
AFRM,2023-01-25 00:00:00-05:00,13.38000011,14.23999977,12.85999966,14.14000034,22855200,0,0
AFRM,2023-01-26 00:00:00-05:00,14.75,15.22999954,13.81200027,14.35999966,16196500,0,0
AFRM,2023-01-27 00:00:00-05:00,14.38000011,16.59499931,14.22000027,16.23999977,24317900,0,0
AFRM,2023-01-30 00:00:00-05:00,15.65999985,16.11499977,15.05000019,15.10000038,15513800,0,0
AFRM,2023-01-31 00:00:00-05:00,15.35000038,16.5,14.85999966,16.19000053,17316700,0,0
AFRM,2023-02-01 00:00:00-05:00,15.97000027,18.03000069,15.57499981,17.71999931,22555200,0,0
AFRM,2023-02-02 00:00:00-05:00,18.77499962,22.75,18.71999931,21.13999939,39691200,0,0
AFRM,2023-02-03 00:00:00-05:00,19.29000092,20.49500084,18.03000069,18.14999962,28836400,0,0
AFRM,2023-02-06 00:00:00-05:00,17.84000015,18.24500084,16.85000038,17.01000023,18110600,0,0
AFRM,2023-02-07 00:00:00-05:00,16.88999939,17.60000038,16.12999916,17.20999908,24229000,0,0
AFRM,2023-02-08 00:00:00-05:00,16.87999916,17.61000061,15.94999981,16.02000046,31802000,0,0
AFRM,2023-02-09 00:00:00-05:00,13.55000019,14.32999992,12.51500034,13.28999996,57168800,0,0
AFRM,2023-02-10 00:00:00-05:00,12.89999962,13.43500042,12.35999966,12.52000046,22708500,0,0
AFRM,2023-02-13 00:00:00-05:00,12.47000027,13.19999981,11.97999954,12.69999981,20373200,0,0
AFRM,2023-02-14 00:00:00-05:00,12.51000023,13.23999977,12.14999962,13.10000038,21397200,0,0
AFRM,2023-02-15 00:00:00-05:00,13.18000031,15.21000004,13.05000019,14.69999981,28733500,0,0
AFRM,2023-02-16 00:00:00-05:00,13.89000034,14.39999962,13.52999973,13.57999992,19479300,0,0
AFRM,2023-02-17 00:00:00-05:00,13.34000015,13.51000023,12.51000023,12.97999954,16221100,0,0
AFRM,2023-02-21 00:00:00-05:00,12.52499962,12.96500015,12.22000027,12.81000042,15183000,0,0
AFRM,2023-02-22 00:00:00-05:00,12.84000015,13.69200039,12.80000019,13.46000004,15714400,0,0
AFRM,2023-02-23 00:00:00-05:00,13.68500042,13.88000011,12.96000004,13.68999958,13216100,0,0
AFRM,2023-02-24 00:00:00-05:00,13.15999985,13.44999981,12.75,13.06999969,13178200,0,0
AFRM,2023-02-27 00:00:00-05:00,13.40999985,13.40999985,12.82999992,12.84000015,12306900,0,0
AFRM,2023-02-28 00:00:00-05:00,12.81999969,13.97000027,12.72000027,13.61999989,25098400,0,0
AFRM,2023-03-01 00:00:00-05:00,13.39999962,13.48999977,12.30000019,12.60999966,16132600,0,0
AFRM,2023-03-02 00:00:00-05:00,12.27999973,12.98999977,11.96000004,12.93000031,11054000,0,0
AFRM,2023-03-03 00:00:00-05:00,13.03999996,13.85000038,12.94999981,13.63000011,11803500,0,0
AFRM,2023-03-06 00:00:00-05:00,13.75500011,14.35999966,13.11499977,13.17000008,14277700,0,0
AFRM,2023-03-07 00:00:00-05:00,13.01000023,13.32600021,11.94999981,12,15136100,0,0
AFRM,2023-03-08 00:00:00-05:00,12,12.42000008,11.63000011,12.13000011,13782100,0,0
AFRM,2023-03-09 00:00:00-05:00,12.02999973,12.53999996,11.13000011,11.31000042,17953800,0,0
AFRM,2023-03-10 00:00:00-05:00,11.17199993,11.20499992,10.02999973,10.36999989,24806200,0,0
AFRM,2023-03-13 00:00:00-04:00,10.06999969,10.59000015,9.409999847,10.32999992,20041200,0,0
AFRM,2023-03-14 00:00:00-04:00,10.76000023,10.91600037,9.840000153,10.01000023,20790000,0,0
AFRM,2023-03-15 00:00:00-04:00,9.652000427,9.914999962,9.31000042,9.840000153,21858600,0,0
AFRM,2023-03-16 00:00:00-04:00,9.789999962,10.02999973,9.359999657,9.960000038,16201400,0,0
AFRM,2023-03-17 00:00:00-04:00,9.829999924,9.960000038,9.170000076,9.489999771,17437800,0,0
AFRM,2023-03-20 00:00:00-04:00,9.359999657,9.737999916,9.149999619,9.289999962,13693100,0,0
AFRM,2023-03-21 00:00:00-04:00,9.460000038,10.73999977,9.399999619,10.5,20853800,0,0
AFRM,2023-03-22 00:00:00-04:00,10.61999989,10.98999977,9.729999542,9.760000229,23931000,0,0
AFRM,2023-03-23 00:00:00-04:00,9.81000042,10.75,9.659999847,9.989999771,18147800,0,0
AFRM,2023-03-24 00:00:00-04:00,9.798000336,10.35999966,9.670000076,10.32999992,14626400,0,0
AFRM,2023-03-27 00:00:00-04:00,10.5,10.65999985,9.920000076,10.22000027,12077000,0,0
AFRM,2023-03-28 00:00:00-04:00,10.14000034,10.23499966,9.109999657,9.470000267,23167300,0,0
AFRM,2023-03-29 00:00:00-04:00,9.729999542,10.56999969,9.539999962,10.5,16388000,0,0
AFRM,2023-03-30 00:00:00-04:00,10.80000019,10.89999962,10.32999992,10.42000008,10385200,0,0
AFRM,2023-03-31 00:00:00-04:00,10.60000038,11.43999958,10.40999985,11.27000046,16148500,0,0
AFRM,2023-04-03 00:00:00-04:00,11.19999981,11.42500019,10.82999992,11.28999996,10730900,0,0
AFRM,2023-04-04 00:00:00-04:00,11.47000027,11.47999954,10.63000011,10.81000042,10657200,0,0
AFRM,2023-04-05 00:00:00-04:00,10.60000038,10.75500011,10.01000023,10.39999962,9749600,0,0
AFRM,2023-04-06 00:00:00-04:00,10.31999969,10.89000034,10.11999989,10.56999969,9311300,0,0
AFRM,2023-04-10 00:00:00-04:00,10.40999985,11.14999962,10.27999973,11.13000011,9345900,0,0
AFRM,2023-04-11 00:00:00-04:00,11.25,11.80000019,11.22000027,11.69999981,10343700,0,0
AFRM,2023-04-12 00:00:00-04:00,12.18000031,12.26900005,10.90499973,10.93999958,14415100,0,0
AFRM,2023-04-13 00:00:00-04:00,11.11999989,11.625,11.03999996,11.36999989,11221900,0,0
AFRM,2023-04-14 00:00:00-04:00,11.43999958,11.53999996,10.68500042,11.03999996,11261100,0,0
AFRM,2023-04-17 00:00:00-04:00,10.93000031,11.62800026,10.82999992,11.51000023,10452500,0,0
AFRM,2023-04-18 00:00:00-04:00,11.60000038,11.74499989,11.34000015,11.68000031,7794900,0,0
AFRM,2023-04-19 00:00:00-04:00,11.40999985,11.68000031,11.22999954,11.48999977,6317600,0,0
AFRM,2023-04-20 00:00:00-04:00,11.22999954,11.39999962,10.89999962,10.92000008,6764900,0,0
AFRM,2023-04-21 00:00:00-04:00,10.97000027,11.41499996,10.89000034,10.98999977,9055700,0,0
AFRM,2023-04-24 00:00:00-04:00,10.85999966,10.94999981,10.26000023,10.52999973,7589400,0,0
AFRM,2023-04-25 00:00:00-04:00,10.43999958,10.43999958,9.944999695,9.949999809,7439000,0,0
AFRM,2023-04-26 00:00:00-04:00,10.14000034,10.35000038,9.760000229,9.840000153,8154000,0,0
AFRM,2023-04-27 00:00:00-04:00,9.970000267,10.41499996,9.829999924,10.15999985,10349600,0,0
AFRM,2023-04-28 00:00:00-04:00,10.05000019,10.49600029,9.795000076,9.859999657,10387700,0,0
AFRM,2023-05-01 00:00:00-04:00,9.859999657,10.13000011,9.420000076,9.989999771,16321100,0,0
AFRM,2023-05-02 00:00:00-04:00,9.890000343,9.920000076,9,9.010000229,14544000,0,0
AFRM,2023-05-03 00:00:00-04:00,9.104999542,9.859999657,8.979999542,9.260000229,18858200,0,0
AFRM,2023-05-04 00:00:00-04:00,9.149999619,9.279999733,8.800000191,9.130000114,14838600,0,0
AFRM,2023-05-05 00:00:00-04:00,9.279999733,10.81499958,9.279999733,10.71000004,23216400,0,0
AFRM,2023-05-08 00:00:00-04:00,10.90499973,11.97999954,10.78999996,11.93999958,20473300,0,0
AFRM,2023-05-09 00:00:00-04:00,11.60000038,12.73900032,11.53999996,12.30000019,27208400,0,0
AFRM,2023-05-10 00:00:00-04:00,12.10999966,12.96500015,11.60999966,12.25,31110200,0,0
AFRM,2023-05-11 00:00:00-04:00,12.19999981,13.18999958,11.85999966,12.47000027,18486600,0,0
AFRM,2023-05-12 00:00:00-04:00,12.44999981,12.44999981,11.56999969,12.06999969,15443700,0,0
AFRM,2023-05-15 00:00:00-04:00,12.13000011,12.97999954,11.84300041,12.80000019,14335600,0,0
AFRM,2023-05-16 00:00:00-04:00,12.61999989,12.82999992,12.10000038,12.39000034,12291300,0,0
AFRM,2023-05-17 00:00:00-04:00,12.60000038,13.44999981,12.39999962,13.15999985,15053800,0,0
AFRM,2023-05-18 00:00:00-04:00,13.30000019,14.73999977,13.22000027,14.68999958,21996000,0,0
AFRM,2023-05-19 00:00:00-04:00,14.59000015,14.64999962,13.68000031,13.76000023,14816600,0,0
AFRM,2023-05-22 00:00:00-04:00,13.78999996,14.83500004,13.57999992,14.52999973,16413200,0,0
AFRM,2023-05-23 00:00:00-04:00,14.38000011,15.40999985,14.27000046,14.40999985,17572200,0,0
AFRM,2023-05-24 00:00:00-04:00,14.05000019,14.36999989,13.60499954,14.30000019,13270100,0,0
AFRM,2023-05-25 00:00:00-04:00,14.56999969,14.76000023,13.5,13.71000004,11407300,0,0
AFRM,2023-05-26 00:00:00-04:00,13.75,14.25,13.56999969,14.07999992,8104100,0,0
AFRM,2023-05-30 00:00:00-04:00,14.28999996,14.94999981,14.02000046,14.73999977,11760300,0,0
AFRM,2023-05-31 00:00:00-04:00,14.69999981,15.77999973,14.30000019,14.85999966,17195400,0,0
AFRM,2023-06-01 00:00:00-04:00,14.72500038,15.22999954,14.38000011,14.57999992,13232300,0,0
AFRM,2023-06-02 00:00:00-04:00,15.07999992,15.88000011,14.59000015,15.69999981,15216200,0,0
AFRM,2023-06-05 00:00:00-04:00,15.81999969,16.45999908,15.11999989,15.55000019,14801400,0,0
AFRM,2023-06-06 00:00:00-04:00,15.25500011,16.25,15.25,15.81999969,12844200,0,0
AFRM,2023-06-07 00:00:00-04:00,18.42000008,19.5,16.12999916,16.20000076,65058700,0,0
AFRM,2023-06-08 00:00:00-04:00,16.52000046,19.03000069,16.29700089,18.85000038,41192100,0,0
AFRM,2023-06-09 00:00:00-04:00,19.18000031,19.57999992,17.36000061,17.38999939,27901500,0,0
AFRM,2023-06-12 00:00:00-04:00,17.54999924,18.86000061,17.45999908,18.26000023,20602500,0,0
AFRM,2023-06-13 00:00:00-04:00,18.62999916,19.25,18.14999962,18.73999977,19438300,0,0
AFRM,2023-06-14 00:00:00-04:00,17.69000053,17.89999962,16.45499992,17.04000092,38468200,0,0
AFRM,2023-06-15 00:00:00-04:00,16.79000092,17.45999908,16.35499954,17.28000069,15607600,0,0
AFRM,2023-06-16 00:00:00-04:00,17.14999962,17.43000031,16.51000023,16.67000008,12268400,0,0
AFRM,2023-06-20 00:00:00-04:00,16.5,16.85000038,15.82999992,16.04999924,12107400,0,0
AFRM,2023-06-21 00:00:00-04:00,15.89000034,16.05999947,15.15499973,15.5,12325000,0,0
AFRM,2023-06-22 00:00:00-04:00,15.31999969,15.53999996,14.86999989,14.89000034,9323700,0,0
AFRM,2023-06-23 00:00:00-04:00,14.77999973,15.06499958,14.55000019,14.81000042,10625300,0,0
AFRM,2023-06-26 00:00:00-04:00,14.85000038,15.69799995,14.76500034,14.84000015,9037100,0,0
AFRM,2023-06-27 00:00:00-04:00,14.97999954,15.48999977,14.68999958,15.19999981,12195200,0,0
AFRM,2023-06-28 00:00:00-04:00,15,15.53999996,14.85000038,15.47999954,11892700,0,0
AFRM,2023-06-29 00:00:00-04:00,15.66499996,16.12999916,15.11999989,15.38000011,10243500,0,0
AFRM,2023-06-30 00:00:00-04:00,15.77999973,16.09000015,15.10499954,15.32999992,10989700,0,0
AFRM,2023-07-03 00:00:00-04:00,15.44999981,16.53000069,15.44999981,16.12000084,9692500,0,0
AFRM,2023-07-05 00:00:00-04:00,15.85000038,15.88500023,15.25,15.42000008,10879700,0,0
AFRM,2023-07-06 00:00:00-04:00,14.39999962,14.47999954,12.81000042,13.78999996,28003500,0,0
AFRM,2023-07-07 00:00:00-04:00,13.84000015,14.13500023,13.59000015,13.64999962,12679400,0,0
AFRM,2023-07-10 00:00:00-04:00,13.46000004,14.78999996,13.39999962,14.77999973,13031100,0,0
AFRM,2023-07-11 00:00:00-04:00,15.43999958,16.52499962,14.93299961,16.20999908,27264500,0,0
AFRM,2023-07-12 00:00:00-04:00,16.73999977,16.94000053,16.09000015,16.36000061,15479600,0,0
AFRM,2023-07-13 00:00:00-04:00,16.57999992,17.97999954,16.27000046,17.45000076,22101500,0,0
AFRM,2023-07-14 00:00:00-04:00,17.32999992,17.78000069,16.17300034,16.38999939,13558700,0,0
AFRM,2023-07-17 00:00:00-04:00,16.35000038,17.54000092,15.89999962,17.12000084,12892300,0,0
AFRM,2023-07-18 00:00:00-04:00,17.18000031,17.94000053,16.90999985,17.04000092,12304300,0,0
AFRM,2023-07-19 00:00:00-04:00,17.55999947,18.67000008,17.29000092,17.64999962,19552900,0,0
AFRM,2023-07-20 00:00:00-04:00,17.14999962,17.62999916,16.57999992,17.12000084,12579200,0,0
AFRM,2023-07-21 00:00:00-04:00,17.35000038,17.57999992,16.53000069,17.12000084,10342900,0,0
AFRM,2023-07-24 00:00:00-04:00,17.14999962,17.36000061,16.63500023,17.06999969,7133000,0,0
AFRM,2023-07-25 00:00:00-04:00,17.29999924,18.51000023,17.12000084,17.60000038,18258700,0,0
AFRM,2023-07-26 00:00:00-04:00,17.34000015,17.77000046,16.68000031,17.72999954,14981400,0,0
AFRM,2023-07-27 00:00:00-04:00,18.32999992,19.34499931,16.29000092,16.43000031,18385900,0,0
AFRM,2023-07-28 00:00:00-04:00,16.95999908,17.53000069,16.78000069,17.27000046,11981700,0,0
AFRM,2023-07-31 00:00:00-04:00,17.54999924,19.39999962,17.5,19.38999939,23277700,0,0
AFRM,2023-08-01 00:00:00-04:00,19.04999924,19.73800087,18.52000046,19.61000061,14847000,0,0
AFRM,2023-08-02 00:00:00-04:00,18.68000031,18.89999962,17.10000038,17.77000046,15840200,0,0
AFRM,2023-08-03 00:00:00-04:00,17.40999985,17.73999977,16.9109993,17.45000076,9460000,0,0
AFRM,2023-08-04 00:00:00-04:00,17.77000046,17.77000046,16.61000061,16.69000053,11446200,0,0
AFRM,2023-08-07 00:00:00-04:00,16.61000061,16.69000053,15.35000038,15.65999985,12664500,0,0
AFRM,2023-08-08 00:00:00-04:00,15.03999996,15.82999992,14.92000008,15.80000019,12455300,0,0
AFRM,2023-08-09 00:00:00-04:00,15.48799992,16.03000069,15.21000004,15.52000046,11264600,0,0
AFRM,2023-08-10 00:00:00-04:00,15.63000011,15.94999981,14.77999973,14.98999977,9910200,0,0
AFRM,2023-08-11 00:00:00-04:00,14.72000027,15.31000042,14.60999966,15.15999985,7241100,0,0
AFRM,2023-08-14 00:00:00-04:00,14.92000008,15.14999962,14.57999992,15.13000011,7420100,0,0
AFRM,2023-08-15 00:00:00-04:00,14.89999962,14.93999958,14.43900013,14.5,6479000,0,0
AFRM,2023-08-16 00:00:00-04:00,14.35000038,14.71500015,14.26000023,14.36999989,6901400,0,0
AFRM,2023-08-17 00:00:00-04:00,14.36999989,14.5710001,14.07999992,14.22000027,7397200,0,0
AFRM,2023-08-18 00:00:00-04:00,13.73999977,14.51000023,13.67000008,14.5,7390600,0,0
AFRM,2023-08-21 00:00:00-04:00,14.56000042,14.81499958,14.35999966,14.64999962,5522500,0,0
AFRM,2023-08-22 00:00:00-04:00,14.92000008,15.38000011,14.15999985,14.22000027,7335500,0,0
AFRM,2023-08-23 00:00:00-04:00,14.10000038,14.57999992,13.96000004,14.51000023,6969800,0,0
AFRM,2023-08-24 00:00:00-04:00,14.55000019,14.57999992,13.73999977,13.81000042,24674200,0,0
AFRM,2023-08-25 00:00:00-04:00,15.09000015,18.31999969,15,17.79000092,85735900,0,0
AFRM,2023-08-28 00:00:00-04:00,18.10000038,18.12999916,17.06999969,17.95000076,29435800,0,0
AFRM,2023-08-29 00:00:00-04:00,17.95000076,19.44000053,17.88500023,19.14999962,26439600,0,0
AFRM,2023-08-30 00:00:00-04:00,19.04999924,20.12999916,18.77000046,20.03000069,22398500,0,0
AFRM,2023-08-31 00:00:00-04:00,20.11000061,21.12000084,19.88100052,20.80999947,19815400,0,0
AFRM,2023-09-01 00:00:00-04:00,20.97500038,22.04000092,20.70999908,21.86000061,18943400,0,0
AFRM,2023-09-05 00:00:00-04:00,21.77000046,22.48999977,21.61000061,21.93000031,12892900,0,0
AFRM,2023-09-06 00:00:00-04:00,21.70999908,22.45000076,21.47400093,22.10000038,12989500,0,0
AFRM,2023-09-07 00:00:00-04:00,21.55999947,22.6779995,20.84000015,22.47999954,14985800,0,0
AFRM,2023-09-08 00:00:00-04:00,22.39999962,22.54999924,21.46999931,22.46999931,11802300,0,0
AFRM,2023-09-11 00:00:00-04:00,23.09000015,23.875,22.65999985,23.56999969,13454000,0,0
AFRM,2023-09-12 00:00:00-04:00,23.38999939,24.35000038,23.12000084,23.87000084,13024300,0,0
AFRM,2023-09-13 00:00:00-04:00,23.95000076,24.21999931,23.27099991,23.35000038,9888800,0,0
AFRM,2023-09-14 00:00:00-04:00,23.76000023,24.14999962,23.48500061,23.62000084,9611600,0,0
AFRM,2023-09-15 00:00:00-04:00,23.52499962,24.48500061,23.43799973,24.37000084,11545400,0,0
AFRM,2023-09-18 00:00:00-04:00,24.29500008,25.62999916,23.89999962,25.01000023,14582700,0,0
AFRM,2023-09-19 00:00:00-04:00,25.07999992,25.12999916,23.11000061,23.75,15692900,0,0
AFRM,2023-09-20 00:00:00-04:00,24.06999969,24.54999924,23.06999969,23.10000038,11017700,0,0
AFRM,2023-09-21 00:00:00-04:00,22.05500031,22.15999985,21.04999924,21.25,20389200,0,0
AFRM,2023-09-22 00:00:00-04:00,21.375,21.62999916,20.02000046,20.18000031,15009500,0,0
AFRM,2023-09-25 00:00:00-04:00,20,20.48999977,19.01000023,20.21999931,17756400,0,0
AFRM,2023-09-26 00:00:00-04:00,19.77000046,20.58499908,19.71999931,19.90999985,9357600,0,0
AFRM,2023-09-27 00:00:00-04:00,20.13999939,20.56999969,19.57799911,20.26000023,10232100,0,0
AFRM,2023-09-28 00:00:00-04:00,20.20999908,21.06999969,20.03499985,20.85000038,9477900,0,0
AFRM,2023-09-29 00:00:00-04:00,21.28000069,22.52499962,21.19000053,21.27000046,17599100,0,0
AFRM,2023-10-02 00:00:00-04:00,21.18000031,21.45000076,20.25,20.45000076,9694900,0,0
AFRM,2023-10-03 00:00:00-04:00,20,20.18000031,17.94000053,18.28000069,18377800,0,0
AFRM,2023-10-04 00:00:00-04:00,18.54999924,18.93000031,17.47999954,17.89999962,13247600,0,0
AFRM,2023-10-05 00:00:00-04:00,17.62000084,17.81500053,16.98999977,17.51000023,10890300,0,0
AFRM,2023-10-06 00:00:00-04:00,16.85000038,18.27000046,16.69000053,17.94000053,13385700,0,0
AFRM,2023-10-09 00:00:00-04:00,17.52000046,18.92000008,17.45000076,18.79000092,10760300,0,0
AFRM,2023-10-10 00:00:00-04:00,18.95000076,20.26000023,18.64999962,19.70000076,12294000,0,0
AFRM,2023-10-11 00:00:00-04:00,19.78000069,20.57999992,19.36000061,20.12999916,11973200,0,0
AFRM,2023-10-12 00:00:00-04:00,20.20000076,20.35000038,18.56999969,18.60000038,12163700,0,0
AFRM,2023-10-13 00:00:00-04:00,18.67000008,18.79000092,17.72999954,18,10978800,0,0
AFRM,2023-10-16 00:00:00-04:00,18.26000023,19.03000069,17.87000084,18.87999916,10493200,0,0
AFRM,2023-10-17 00:00:00-04:00,18.59000015,20.07699966,18.44000053,19.96999931,12655300,0,0
AFRM,2023-10-18 00:00:00-04:00,19.70000076,20.42000008,18.51099968,18.79999924,14285700,0,0
AFRM,2023-10-19 00:00:00-04:00,18.70999908,19.20700073,18.23999977,18.29000092,9560600,0,0
AFRM,2023-10-20 00:00:00-04:00,18.05999947,18.51000023,17.65999985,18.25,8660500,0,0
AFRM,2023-10-23 00:00:00-04:00,17.89999962,19.00499916,17.18000031,18.5,9412500,0,0
AFRM,2023-10-24 00:00:00-04:00,18.81999969,19.97999954,18.81999969,19.55999947,10978600,0,0
AFRM,2023-10-25 00:00:00-04:00,17.95000076,17.96999931,15.97299957,16.63999939,25448400,0,0
AFRM,2023-10-26 00:00:00-04:00,16.81999969,17.73999977,16.37999916,17.42000008,15506800,0,0
AFRM,2023-10-27 00:00:00-04:00,17.63999939,17.78000069,16.79999924,16.93000031,12059400,0,0
AFRM,2023-10-30 00:00:00-04:00,17.35499954,17.73999977,16.5,17.10000038,9911200,0,0
AFRM,2023-10-31 00:00:00-04:00,17.39999962,17.86000061,16.875,17.61000061,9675700,0,0
AFRM,2023-11-01 00:00:00-04:00,17.70000076,17.86000061,16.85000038,17.61000061,9481500,0,0
AFRM,2023-11-02 00:00:00-04:00,19.61000061,21.10000038,19.56999969,21.04000092,25182700,0,0
AFRM,2023-11-03 00:00:00-04:00,21.78000069,23.13999939,21.75799942,22.43000031,19359900,0,0
AFRM,2023-11-06 00:00:00-05:00,22.42000008,22.59000015,21.19000053,21.70999908,11478800,0,0
AFRM,2023-11-07 00:00:00-05:00,21.70999908,22.37999916,21.05999947,22.09000015,10337300,0,0
AFRM,2023-11-08 00:00:00-05:00,21.51000023,22.19000053,20.20000076,21.76000023,21472500,0,0
AFRM,2023-11-09 00:00:00-05:00,24.96999931,27.15699959,24.43000031,24.86000061,47263500,0,0
AFRM,2023-11-10 00:00:00-05:00,24.70000076,24.75,21.87000084,22.43000031,27831500,0,0
AFRM,2023-11-13 00:00:00-05:00,22.25,23.19799995,21.87999916,22.87999916,10313600,0,0
AFRM,2023-11-14 00:00:00-05:00,24.86000061,26.20000076,24.59000015,25.55999947,22925200,0,0
AFRM,2023-11-15 00:00:00-05:00,25.34000015,27,25.14999962,25.97999954,19694600,0,0
AFRM,2023-11-16 00:00:00-05:00,25.45999908,25.57999992,24.27000046,24.54000092,14409300,0,0
AFRM,2023-11-17 00:00:00-05:00,24.83499908,25.21999931,24.39999962,24.79000092,11289700,0,0
AFRM,2023-11-20 00:00:00-05:00,24.79999924,25.95000076,24.04000092,25.45999908,10962800,0,0
AFRM,2023-11-21 00:00:00-05:00,25.03000069,25.28000069,24.18000031,25.03000069,8310000,0,0
AFRM,2023-11-22 00:00:00-05:00,25.5,26.06800079,25.09499931,25.56999969,9655500,0,0
AFRM,2023-11-24 00:00:00-05:00,25.54000092,26.54999924,25.02000046,26.22999954,6819200,0,0
AFRM,2023-11-27 00:00:00-05:00,27.07999992,30.35000038,27.04999924,29.37000084,45419500,0,0
AFRM,2023-11-28 00:00:00-05:00,29.87000084,33.04999924,28.82999992,32.75,44306000,0,0
AFRM,2023-11-29 00:00:00-05:00,32.65999985,34.95999908,32.59999847,34.11999893,34864700,0,0
AFRM,2023-11-30 00:00:00-05:00,33.81999969,34.88800049,32.80500031,34.40999985,21455100,0,0
AFRM,2023-12-01 00:00:00-05:00,34.20000076,37.94499969,33.81999969,37.66999817,33193400,0,0
AFRM,2023-12-04 00:00:00-05:00,37.06200027,39.11000061,36.56000137,38.56000137,27938300,0,0
AFRM,2023-12-05 00:00:00-05:00,38.00999832,38.63999939,36.11999893,38.18999863,20577000,0,0
AFRM,2023-12-06 00:00:00-05:00,38.70999908,41.88999939,38.27999878,38.38000107,37398600,0,0
AFRM,2023-12-07 00:00:00-05:00,37.77999878,39.83000183,37.25,39.40999985,19327500,0,0
AFRM,2023-12-08 00:00:00-05:00,39.27999878,42.41999817,38.61000061,42.06999969,27475700,0,0
AFRM,2023-12-11 00:00:00-05:00,42.15000153,42.86000061,38.65000153,39.91999817,29495100,0,0
AFRM,2023-12-12 00:00:00-05:00,40.09999847,40.16999817,37.79999924,39.52000046,21149300,0,0
AFRM,2023-12-13 00:00:00-05:00,39.90000153,44.72000122,38.70999908,44.40000153,30974600,0,0
AFRM,2023-12-14 00:00:00-05:00,45,46.95999908,42.90000153,44.84000015,30051100,0,0
AFRM,2023-12-15 00:00:00-05:00,45.24000168,45.93999863,43.16999817,43.97000122,21245500,0,0
AFRM,2023-12-18 00:00:00-05:00,40.86000061,44.61999893,40.61000061,43.70000076,22009500,0,0
AFRM,2023-12-19 00:00:00-05:00,46.15999985,51.56000137,46.02999878,50.45999908,58396000,0,0
AFRM,2023-12-20 00:00:00-05:00,51,51.88000107,45.47999954,45.50999832,46132200,0,0
AFRM,2023-12-21 00:00:00-05:00,47.43999863,48.91999817,46.91999817,47.93999863,29678400,0,0
AFRM,2023-12-22 00:00:00-05:00,49,50.18999863,48.09000015,49.06000137,24447200,0,0
APP,2022-12-23 00:00:00-05:00,9.850000381,9.914999962,9.670000076,9.840000153,2601400,0,0
APP,2022-12-27 00:00:00-05:00,9.800000191,9.800000191,9.229999542,9.300000191,2569500,0,0
APP,2022-12-28 00:00:00-05:00,9.220000267,9.43999958,9.140000343,9.399999619,2654300,0,0
APP,2022-12-29 00:00:00-05:00,9.529999733,10.56999969,9.43500042,10.43000031,2600500,0,0
APP,2022-12-30 00:00:00-05:00,10.13000011,10.60000038,10.13000011,10.52999973,2577900,0,0
APP,2023-01-03 00:00:00-05:00,10.81000042,11.14000034,10.47000027,10.72999954,2575200,0,0
APP,2023-01-04 00:00:00-05:00,10.97999954,11.18000031,10.56999969,10.89999962,3561300,0,0
APP,2023-01-05 00:00:00-05:00,9.710000038,10.01000023,9.43500042,9.850000381,4030100,0,0
APP,2023-01-06 00:00:00-05:00,9.890000343,9.93500042,9.215000153,9.720000267,4199800,0,0
APP,2023-01-09 00:00:00-05:00,9.949999809,10.52999973,9.920000076,10.18000031,3275600,0,0
APP,2023-01-10 00:00:00-05:00,10.06999969,10.36999989,9.949999809,10.36999989,3943900,0,0
APP,2023-01-11 00:00:00-05:00,10.39999962,10.77999973,10.30000019,10.76000023,2544500,0,0
APP,2023-01-12 00:00:00-05:00,10.82999992,10.89000034,10.30000019,10.68000031,1727000,0,0
APP,2023-01-13 00:00:00-05:00,10.43999958,10.90499973,10.33199978,10.81000042,1345500,0,0
APP,2023-01-17 00:00:00-05:00,10.78999996,11.07999992,10.43999958,10.89999962,2863100,0,0
APP,2023-01-18 00:00:00-05:00,11.03999996,11.22500038,10.65499973,10.69999981,1975600,0,0
APP,2023-01-19 00:00:00-05:00,10.40200043,10.61999989,10.08500004,10.18000031,1856500,0,0
APP,2023-01-20 00:00:00-05:00,10.27000046,10.94999981,10.13000011,10.93999958,1960100,0,0
APP,2023-01-23 00:00:00-05:00,11.02000046,11.98999977,10.95499992,11.97999954,2707800,0,0
APP,2023-01-24 00:00:00-05:00,11.84000015,12.18999958,11.72000027,11.89999962,2775700,0,0
APP,2023-01-25 00:00:00-05:00,11.5,11.90999985,11.00500011,11.81999969,1904200,0,0
APP,2023-01-26 00:00:00-05:00,12.22000027,12.27499962,11.76500034,11.89999962,1905800,0,0
APP,2023-01-27 00:00:00-05:00,11.76000023,12.67500019,11.76000023,12.59000015,2602600,0,0
APP,2023-01-30 00:00:00-05:00,12.19999981,12.48499966,11.81000042,12.21000004,2764100,0,0
APP,2023-01-31 00:00:00-05:00,12.30000019,12.71000004,12.17500019,12.69999981,2207100,0,0
APP,2023-02-01 00:00:00-05:00,12.76000023,13.35999966,12.43500042,13.35999966,3002900,0,0
APP,2023-02-02 00:00:00-05:00,13.96000004,14.52499962,13.47999954,14.18999958,5440900,0,0
APP,2023-02-03 00:00:00-05:00,13.48999977,14.04500008,13.17000008,13.22000027,2688500,0,0
APP,2023-02-06 00:00:00-05:00,12.93999958,13.14000034,12.49300003,12.60000038,3526800,0,0
APP,2023-02-07 00:00:00-05:00,12.57999992,12.93000031,12.34500027,12.85000038,2901900,0,0
APP,2023-02-08 00:00:00-05:00,12.75,13.125,12.42000008,12.68000031,7109300,0,0
APP,2023-02-09 00:00:00-05:00,17.27000046,17.37999916,16.04999924,16.11000061,14681600,0,0
APP,2023-02-10 00:00:00-05:00,15.71000004,16.13999939,15.14000034,15.28999996,5111600,0,0
APP,2023-02-13 00:00:00-05:00,15.39000034,16.10899925,14.38500023,15.85999966,4817600,0,0
APP,2023-02-14 00:00:00-05:00,15.59000015,16.21999931,15.17000008,15.97000027,3283200,0,0
APP,2023-02-15 00:00:00-05:00,15.93999958,17.01499939,15.78999996,16.87000084,3881500,0,0
APP,2023-02-16 00:00:00-05:00,16.20999908,16.58499908,15.59000015,15.60000038,3155900,0,0
APP,2023-02-17 00:00:00-05:00,15.44999981,15.59000015,14.93000031,14.98999977,2701100,0,0
APP,2023-02-21 00:00:00-05:00,14.61999989,14.78999996,14.18999958,14.19999981,2920700,0,0
APP,2023-02-22 00:00:00-05:00,14.19999981,15.31000042,14.10999966,15.17000008,3225900,0,0
APP,2023-02-23 00:00:00-05:00,14.64999962,15.05000019,14.11999989,14.48999977,3350600,0,0
APP,2023-02-24 00:00:00-05:00,14.06000042,14.50500011,14.01000023,14.21000004,3171000,0,0
APP,2023-02-27 00:00:00-05:00,14.44999981,14.56000042,13.36999989,13.40999985,2751500,0,0
APP,2023-02-28 00:00:00-05:00,13.34000015,13.71500015,13.28999996,13.5,2297100,0,0
APP,2023-03-01 00:00:00-05:00,13.5,13.59000015,13.23999977,13.38000011,1817800,0,0
APP,2023-03-02 00:00:00-05:00,13.26000023,13.71000004,13.13000011,13.69999981,1393200,0,0
APP,2023-03-03 00:00:00-05:00,13.93999958,14.28999996,13.80000019,13.94999981,2183300,0,0
APP,2023-03-06 00:00:00-05:00,14.01000023,14.17500019,13.5,13.60999966,1586400,0,0
APP,2023-03-07 00:00:00-05:00,13.67000008,13.94999981,13.35000038,13.43999958,1885600,0,0
APP,2023-03-08 00:00:00-05:00,13.42000008,13.59000015,13.18000031,13.28999996,1761000,0,0
APP,2023-03-09 00:00:00-05:00,13.22999954,13.57999992,12.71000004,12.77999973,1574900,0,0
APP,2023-03-10 00:00:00-05:00,12.75,12.75,11.92000008,12.31000042,2316900,0,0
APP,2023-03-13 00:00:00-04:00,12.14000034,12.70499992,11.68999958,12.40999985,2417800,0,0
APP,2023-03-14 00:00:00-04:00,12.81999969,12.93000031,12.61499977,12.77000046,2054100,0,0
APP,2023-03-15 00:00:00-04:00,12.39999962,13.68999958,12.35999966,13.59000015,3235100,0,0
APP,2023-03-16 00:00:00-04:00,13.67000008,14.05000019,13.53999996,13.76000023,3312800,0,0
APP,2023-03-17 00:00:00-04:00,13.68000031,14,13.47999954,13.52000046,6121600,0,0
APP,2023-03-20 00:00:00-04:00,13.40999985,14.05900002,13.22999954,13.60000038,2591500,0,0
APP,2023-03-21 00:00:00-04:00,13.76000023,14.40999985,13.63500023,14.23999977,2483300,0,0
APP,2023-03-22 00:00:00-04:00,14.27000046,14.40499973,13.78999996,13.81000042,2212200,0,0
APP,2023-03-23 00:00:00-04:00,14.14999962,14.73499966,14.05000019,14.18999958,1817200,0,0
APP,2023-03-24 00:00:00-04:00,14.14999962,14.34500027,13.85000038,14.17000008,1728300,0,0
APP,2023-03-27 00:00:00-04:00,14.25,14.35000038,13.68500042,14.14999962,2424000,0,0
APP,2023-03-28 00:00:00-04:00,14.10999966,14.14500046,13.82999992,13.97000027,1740100,0,0
APP,2023-03-29 00:00:00-04:00,14.27999973,15.06000042,14.23999977,14.97999954,2725700,0,0
APP,2023-03-30 00:00:00-04:00,15.34000015,15.38000011,14.90499973,15,2675900,0,0
APP,2023-03-31 00:00:00-04:00,15.22000027,15.88000011,15.06999969,15.75,2517900,0,0
APP,2023-04-03 00:00:00-04:00,15.61999989,16.00799942,15.56000042,15.82999992,2150900,0,0
APP,2023-04-04 00:00:00-04:00,15.92000008,16.55999947,15.92000008,16.39999962,2607600,0,0
APP,2023-04-05 00:00:00-04:00,16.30999947,16.36000061,15.25,15.69999981,3350700,0,0
APP,2023-04-06 00:00:00-04:00,15.61999989,15.94999981,15.26000023,15.72000027,2306500,0,0
APP,2023-04-10 00:00:00-04:00,15.44999981,15.92000008,15.26000023,15.85999966,2247500,0,0
APP,2023-04-11 00:00:00-04:00,15.85999966,16.15999985,15.77000046,15.96000004,2146000,0,0
APP,2023-04-12 00:00:00-04:00,16.40999985,16.40999985,15.85000038,16.15999985,2765300,0,0
APP,2023-04-13 00:00:00-04:00,16.37000084,16.82999992,16.29999924,16.36000061,2961500,0,0
APP,2023-04-14 00:00:00-04:00,16.29999924,16.55500031,16.12000084,16.46999931,2246900,0,0
APP,2023-04-17 00:00:00-04:00,16.40999985,16.84499931,16.17000008,16.34000015,2329800,0,0
APP,2023-04-18 00:00:00-04:00,16.61000061,16.72999954,16.32500076,16.60000038,1790800,0,0
APP,2023-04-19 00:00:00-04:00,16.32999992,17.07999992,16.27000046,16.77000046,2262600,0,0
APP,2023-04-20 00:00:00-04:00,16.5,16.86499977,16.38999939,16.48999977,2077000,0,0
APP,2023-04-21 00:00:00-04:00,16.59000015,16.71500015,16.31500053,16.43000031,2039800,0,0
APP,2023-04-24 00:00:00-04:00,16.53000069,16.59000015,15.59000015,15.85999966,2439900,0,0
APP,2023-04-25 00:00:00-04:00,15.76000023,15.78999996,15.40999985,15.43999958,1740900,0,0
APP,2023-04-26 00:00:00-04:00,15.76000023,16.37000084,15.60999966,15.93999958,3049000,0,0
APP,2023-04-27 00:00:00-04:00,16.47999954,17.34000015,16.37999916,17.03000069,2945300,0,0
APP,2023-04-28 00:00:00-04:00,16.95999908,17.31999969,16.68000031,17,2051500,0,0
APP,2023-05-01 00:00:00-04:00,16.96999931,17.11000061,16.68499947,16.87000084,3190800,0,0
APP,2023-05-02 00:00:00-04:00,16.80999947,16.90999985,15.69999981,16.26000023,2790400,0,0
APP,2023-05-03 00:00:00-04:00,16.36000061,17.19000053,16.35000038,16.45000076,2243200,0,0
APP,2023-05-04 00:00:00-04:00,16.64999962,17.03499985,16.55999947,16.62000084,2322800,0,0
APP,2023-05-05 00:00:00-04:00,16.89999962,17.26000023,16.85000038,17.15999985,1757100,0,0
APP,2023-05-08 00:00:00-04:00,17.20000076,17.91500092,17.20000076,17.62000084,2333700,0,0
APP,2023-05-09 00:00:00-04:00,17.40999985,17.75,17.25,17.32999992,3295900,0,0
APP,2023-05-10 00:00:00-04:00,17.73999977,18.05999947,17.56500053,17.80999947,4608900,0,0
APP,2023-05-11 00:00:00-04:00,21.75499916,22.99500084,20.89999962,22,15089800,0,0
APP,2023-05-12 00:00:00-04:00,22.68000031,22.68000031,21.12000084,21.51000023,3462000,0,0
APP,2023-05-15 00:00:00-04:00,21.54999924,22.93000031,21.37000084,22.62999916,3835100,0,0
APP,2023-05-16 00:00:00-04:00,22.5,23.11000061,22.07500076,22.87999916,2594200,0,0
APP,2023-05-17 00:00:00-04:00,24.37000084,25.01000023,24.04999924,24.37999916,5482300,0,0
APP,2023-05-18 00:00:00-04:00,24.43000031,25.20299911,24.28000069,25.07999992,4548200,0,0
APP,2023-05-19 00:00:00-04:00,25.07999992,25.23999977,24.69799995,25.12000084,2217400,0,0
APP,2023-05-22 00:00:00-04:00,25.17000008,25.34000015,24.53499985,25.09000015,3246900,0,0
APP,2023-05-23 00:00:00-04:00,24.93000031,25.5,24.71999931,24.80999947,1819500,0,0
APP,2023-05-24 00:00:00-04:00,24.38999939,24.85000038,24.22999954,24.43000031,1749000,0,0
APP,2023-05-25 00:00:00-04:00,24.93000031,25.07500076,23.64999962,24.04999924,1905400,0,0
APP,2023-05-26 00:00:00-04:00,24.13999939,24.48600006,23.87000084,24.04999924,1772000,0,0
APP,2023-05-30 00:00:00-04:00,24.61000061,24.90999985,24.11499977,24.22999954,2196400,0,0
APP,2023-05-31 00:00:00-04:00,23.98999977,25.17900085,23.87999916,25.01000023,3578300,0,0
APP,2023-06-01 00:00:00-04:00,24.51000023,25,24.12999916,24.82999992,1908900,0,0
APP,2023-06-02 00:00:00-04:00,25.04000092,25.64699936,24.61000061,24.80999947,2718300,0,0
APP,2023-06-05 00:00:00-04:00,24.79000092,25.79000092,24.19000053,25.60000038,3630000,0,0
APP,2023-06-06 00:00:00-04:00,25.64999962,25.71999931,23.23999977,23.29999924,4938300,0,0
APP,2023-06-07 00:00:00-04:00,23.57999992,23.70000076,21.03499985,21.53499985,6511100,0,0
APP,2023-06-08 00:00:00-04:00,21.44000053,22.86000061,21.32999992,22.48999977,3651200,0,0
APP,2023-06-09 00:00:00-04:00,22.38999939,23.51000023,22.34499931,22.65999985,1963000,0,0
APP,2023-06-12 00:00:00-04:00,22.82999992,22.82999992,22.15999985,22.37999916,2137800,0,0
APP,2023-06-13 00:00:00-04:00,22.70999908,23.12000084,22.19000053,22.52000046,2016800,0,0
APP,2023-06-14 00:00:00-04:00,22.51000023,22.78000069,21.87000084,22.5,2264300,0,0
APP,2023-06-15 00:00:00-04:00,22.19000053,23.45999908,22.11000061,23.20999908,2228000,0,0
APP,2023-06-16 00:00:00-04:00,23.29999924,24.43000031,23.09000015,23.96999931,7120300,0,0
APP,2023-06-20 00:00:00-04:00,23.69000053,24.29500008,23.21999931,23.57999992,2908200,0,0
APP,2023-06-21 00:00:00-04:00,23.62999916,23.79000092,23.18000031,23.35000038,1782300,0,0
APP,2023-06-22 00:00:00-04:00,23.21999931,23.77000046,22.95400047,23.70000076,1333100,0,0
APP,2023-06-23 00:00:00-04:00,23.29999924,23.51000023,22.85000038,23.38999939,4326600,0,0
APP,2023-06-26 00:00:00-04:00,23.48999977,24.70000076,23.47500038,24.19000053,1800200,0,0
APP,2023-06-27 00:00:00-04:00,24.52000046,26.15500069,24.52000046,26.04000092,2516400,0,0
APP,2023-06-28 00:00:00-04:00,25.92000008,26.61800003,25.66500092,25.70999908,2181400,0,0
APP,2023-06-29 00:00:00-04:00,25.70000076,25.76000023,25.11100006,25.56999969,1486900,0,0
APP,2023-06-30 00:00:00-04:00,26.04000092,26.31999969,25.70000076,25.72999954,2090900,0,0
APP,2023-07-03 00:00:00-04:00,25.64999962,25.99500084,25.54000092,25.92000008,759200,0,0
APP,2023-07-05 00:00:00-04:00,25.79000092,26.64999962,25.79000092,26.55999947,1757100,0,0
APP,2023-07-06 00:00:00-04:00,26.02000046,26.12000084,25.23999977,25.54999924,1878900,0,0
APP,2023-07-07 00:00:00-04:00,25.76000023,26.54000092,25.72999954,25.98999977,1505200,0,0
APP,2023-07-10 00:00:00-04:00,25.82999992,27.13999939,25.81999969,27.07999992,1999900,0,0
APP,2023-07-11 00:00:00-04:00,27.21999931,28.59000015,26.92000008,28.09000015,2805200,0,0
APP,2023-07-12 00:00:00-04:00,28.5,28.55999947,27.85000038,28.29999924,1504800,0,0
APP,2023-07-13 00:00:00-04:00,28.54999924,29.25,28.32999992,28.98999977,2518700,0,0
APP,2023-07-14 00:00:00-04:00,28.97999954,29.125,28.07999992,28.14999962,1112700,0,0
APP,2023-07-17 00:00:00-04:00,28.29999924,28.71999931,27.86000061,28.45999908,1072100,0,0
APP,2023-07-18 00:00:00-04:00,28.70000076,28.75900078,28.27000046,28.30999947,1215400,0,0
APP,2023-07-19 00:00:00-04:00,28.60000038,29.125,28.12999916,28.56999969,1519000,0,0
APP,2023-07-20 00:00:00-04:00,28.06999969,28.18000031,27.31999969,28.03000069,2525300,0,0
APP,2023-07-21 00:00:00-04:00,28.47999954,28.51000023,27.96999931,28.10000038,1094800,0,0
APP,2023-07-24 00:00:00-04:00,29.5,29.5,27.95999908,28.14999962,1442200,0,0
APP,2023-07-25 00:00:00-04:00,28.39999962,28.93000031,28.39299965,28.63999939,1323300,0,0
APP,2023-07-26 00:00:00-04:00,28.19000053,29.97999954,28.19000053,29.94000053,1880300,0,0
APP,2023-07-27 00:00:00-04:00,30.59000015,31.10000038,29.95000076,29.97999954,2646300,0,0
APP,2023-07-28 00:00:00-04:00,30.72999954,31.32999992,30.47999954,31.26000023,2014200,0,0
APP,2023-07-31 00:00:00-04:00,31.30999947,31.88999939,31.17000008,31.39999962,1526400,0,0
APP,2023-08-01 00:00:00-04:00,31.13999939,32.02999878,30.87000084,31.43000031,1471700,0,0
APP,2023-08-02 00:00:00-04:00,30.56999969,31.375,29.76199913,31.15999985,2419300,0,0
APP,2023-08-03 00:00:00-04:00,31,31.19000053,30.35000038,30.59000015,1267300,0,0
APP,2023-08-04 00:00:00-04:00,31.10000038,31.96999931,31.02499962,31.36000061,3167100,0,0
APP,2023-08-07 00:00:00-04:00,31.44000053,31.47999954,30.22999954,30.78000069,2225100,0,0
APP,2023-08-08 00:00:00-04:00,30.06999969,30.31999969,29.60000038,30.04999924,1966400,0,0
APP,2023-08-09 00:00:00-04:00,30.03000069,30.19000053,28.99099922,29.40999985,4990600,0,0
APP,2023-08-10 00:00:00-04:00,38.31999969,38.95999908,33.16999817,37.20000076,19545600,0,0
APP,2023-08-11 00:00:00-04:00,37.20000076,39.56999969,37.10499954,38.88999939,7701100,0,0
APP,2023-08-14 00:00:00-04:00,38.40000153,40,38.29999924,39.75,3657400,0,0
APP,2023-08-15 00:00:00-04:00,39.68999863,40.04000092,38.52999878,39.63000107,2374500,0,0
APP,2023-08-16 00:00:00-04:00,39.40000153,39.65000153,38.625,39.04999924,2437000,0,0
APP,2023-08-17 00:00:00-04:00,38.61999893,38.86999893,37.43999863,37.81999969,2300700,0,0
APP,2023-08-18 00:00:00-04:00,37.20999908,39.25,37.06999969,38.22999954,2516600,0,0
APP,2023-08-21 00:00:00-04:00,38.50999832,39.59999847,38.13000107,39.00999832,4053500,0,0
APP,2023-08-22 00:00:00-04:00,40.68000031,40.68999863,39.24000168,39.47999954,2502600,0,0
APP,2023-08-23 00:00:00-04:00,39.56000137,40.18999863,39.38999939,40.18000031,2112100,0,0
APP,2023-08-24 00:00:00-04:00,40.43000031,40.43000031,39.22000122,39.31000137,1984200,0,0
APP,2023-08-25 00:00:00-04:00,39.31000137,39.93500137,38.84999847,39.75999832,1595600,0,0
APP,2023-08-28 00:00:00-04:00,39.66999817,40.90999985,39.36999893,40.65000153,2042600,0,0
APP,2023-08-29 00:00:00-04:00,40.45999908,42.29999924,40.38000107,41.22000122,2865400,0,0
APP,2023-08-30 00:00:00-04:00,41.25,43.04000092,41.25,42.97999954,2481800,0,0
APP,2023-08-31 00:00:00-04:00,43.09999847,43.23600006,42.54000092,43.22000122,2226600,0,0
APP,2023-09-01 00:00:00-04:00,43.49000168,43.75999832,42.84999847,43.18999863,1467600,0,0
APP,2023-09-05 00:00:00-04:00,42.70999908,43.45999908,42.13000107,42.54000092,2090000,0,0
APP,2023-09-06 00:00:00-04:00,42.25999832,42.70000076,41.77999878,42.22999954,1971700,0,0
APP,2023-09-07 00:00:00-04:00,41.72000122,42.90000153,41.50299835,42.47999954,1468700,0,0
APP,2023-09-08 00:00:00-04:00,42.34000015,42.61500168,41.72499847,42.11999893,1284700,0,0
APP,2023-09-11 00:00:00-04:00,42.61999893,43.63999939,42.27999878,42.40000153,1798800,0,0
APP,2023-09-12 00:00:00-04:00,41.95999908,42.34000015,41.31000137,41.70000076,3087200,0,0
APP,2023-09-13 00:00:00-04:00,41.40999985,41.84999847,40.70000076,40.81000137,2640100,0,0
APP,2023-09-14 00:00:00-04:00,41.72000122,42.97000122,41.30500031,42.59999847,3400500,0,0
APP,2023-09-15 00:00:00-04:00,42.11999893,42.84000015,41.09000015,42.81999969,6482300,0,0
APP,2023-09-18 00:00:00-04:00,42.49000168,44.88999939,42.08499908,44.00999832,5615400,0,0
APP,2023-09-19 00:00:00-04:00,43.59999847,43.79000092,39.02000046,39.72999954,5802800,0,0
APP,2023-09-20 00:00:00-04:00,39.66999817,40.56000137,39.31000137,39.33000183,3764600,0,0
APP,2023-09-21 00:00:00-04:00,38.38000107,39.29999924,38.24000168,38.43999863,2582200,0,0
APP,2023-09-22 00:00:00-04:00,38.81999969,38.97000122,37.48199844,37.75999832,2103800,0,0
APP,2023-09-25 00:00:00-04:00,37.34999847,38.34000015,37.11999893,38.20000076,2219500,0,0
APP,2023-09-26 00:00:00-04:00,37.65000153,39.04999924,37.36999893,38.59000015,2240000,0,0
APP,2023-09-27 00:00:00-04:00,38.95999908,39.56000137,38.38999939,39.56000137,1734600,0,0
APP,2023-09-28 00:00:00-04:00,39.24000168,40.34999847,38.90000153,39.74000168,1485900,0,0
APP,2023-09-29 00:00:00-04:00,40.38000107,40.52999878,39.61000061,39.95999908,1539100,0,0
APP,2023-10-02 00:00:00-04:00,40.15000153,41.04999924,39.97000122,40.81999969,1356600,0,0
APP,2023-10-03 00:00:00-04:00,40.31999969,40.95999908,39,39.13000107,2126900,0,0
APP,2023-10-04 00:00:00-04:00,39.29999924,40.47000122,39.24000168,40.33000183,2205600,0,0
APP,2023-10-05 00:00:00-04:00,40.29000092,40.34000015,39.31999969,39.70000076,1230600,0,0
APP,2023-10-06 00:00:00-04:00,38.99000168,41.06000137,38.79000092,40.38000107,1828500,0,0
APP,2023-10-09 00:00:00-04:00,39.70999908,40.93999863,39.56999969,40.84999847,1543000,0,0
APP,2023-10-10 00:00:00-04:00,41.5,42.22000122,40.42200089,40.52999878,3160600,0,0
APP,2023-10-11 00:00:00-04:00,40.5,40.63999939,39.79999924,40.27999878,2003700,0,0
APP,2023-10-12 00:00:00-04:00,40.15999985,40.20999908,38.97999954,39.68999863,2033100,0,0
APP,2023-10-13 00:00:00-04:00,39.68000031,39.83000183,38.20999908,38.52000046,2091600,0,0
APP,2023-10-16 00:00:00-04:00,38.68999863,39.43000031,37.90999985,38.88999939,2298800,0,0
APP,2023-10-17 00:00:00-04:00,38.88999939,40.25,38.81499863,39.63999939,2237000,0,0
APP,2023-10-18 00:00:00-04:00,39.36000061,39.97999954,38.63000107,38.95000076,1546400,0,0
APP,2023-10-19 00:00:00-04:00,39.36999893,39.68000031,38.45000076,38.54000092,2165900,0,0
APP,2023-10-20 00:00:00-04:00,38.34000015,38.56000137,37.38999939,37.58000183,1993400,0,0
APP,2023-10-23 00:00:00-04:00,37.04999924,38.22999954,36.83000183,37.63999939,1440700,0,0
APP,2023-10-24 00:00:00-04:00,38.18000031,38.95000076,37.71699905,38.47000122,1352200,0,0
APP,2023-10-25 00:00:00-04:00,38.31999969,38.38000107,36.06000137,36.15000153,1709900,0,0
APP,2023-10-26 00:00:00-04:00,36.40000153,36.65000153,34.45000076,36.36999893,3996700,0,0
APP,2023-10-27 00:00:00-04:00,36.77000046,37,36.13299942,36.22000122,2358200,0,0
APP,2023-10-30 00:00:00-04:00,36.81999969,37.15999985,35.86999893,36.72999954,1631000,0,0
APP,2023-10-31 00:00:00-04:00,36.88000107,37.27999878,36.26499939,36.43999863,1023800,0,0
APP,2023-11-01 00:00:00-04:00,36.56999969,36.76599884,36.04499817,36.70000076,2246500,0,0
APP,2023-11-02 00:00:00-04:00,37.63000107,38.91999817,37.27999878,37.36000061,2093800,0,0
APP,2023-11-03 00:00:00-04:00,37.25999832,39.50999832,37.25999832,39.27000046,2235200,0,0
APP,2023-11-06 00:00:00-05:00,39.36000061,39.47999954,38.41999817,39.41999817,3293900,0,0
APP,2023-11-07 00:00:00-05:00,40,41.5,39.66500092,40.88999939,5125600,0,0
APP,2023-11-08 00:00:00-05:00,41.09999847,41.90999985,39.81800079,40.11999893,5230800,0,0
APP,2023-11-09 00:00:00-05:00,45.10499954,45.10499954,37.13999939,39.68000031,14358800,0,0
APP,2023-11-10 00:00:00-05:00,39.86999893,44.06000137,39.13000107,43.79000092,5897800,0,0
APP,2023-11-13 00:00:00-05:00,43.65000153,44.52000046,41.32500076,41.40999985,3429900,0,0
APP,2023-11-14 00:00:00-05:00,42.58000183,43.81000137,42.56999969,42.79999924,3557900,0,0
APP,2023-11-15 00:00:00-05:00,42.43999863,42.70000076,39.86999893,40.45000076,5182300,0,0
APP,2023-11-16 00:00:00-05:00,40.20000076,40.40000153,38.90000153,38.93000031,2850300,0,0
APP,2023-11-17 00:00:00-05:00,39.18999863,39.41999817,38.56999969,39.09999847,2328700,0,0
APP,2023-11-20 00:00:00-05:00,39.15999985,40.11000061,39.15999985,39.5,1991400,0,0
APP,2023-11-21 00:00:00-05:00,39.02000046,39.65000153,38.65999985,38.77000046,1830000,0,0
APP,2023-11-22 00:00:00-05:00,39,39.54000092,38.61000061,39.24000168,1329400,0,0
APP,2023-11-24 00:00:00-05:00,39.20999908,39.63800049,38.72999954,39.49000168,811900,0,0
APP,2023-11-27 00:00:00-05:00,39.25,40.41999817,38.79000092,39.38999939,3201600,0,0
APP,2023-11-28 00:00:00-05:00,39.43000031,40.09000015,37.95000076,38.40000153,3391600,0,0
APP,2023-11-29 00:00:00-05:00,38.88000107,39.27000046,38.27999878,39.02999878,2245900,0,0
APP,2023-11-30 00:00:00-05:00,38.93000031,39.5,37.04399872,37.47999954,4034500,0,0
APP,2023-12-01 00:00:00-05:00,37.65000153,38.77000046,36.81000137,38.25,2907400,0,0
APP,2023-12-04 00:00:00-05:00,37.56999969,37.93000031,36.95000076,37.36999893,3051100,0,0
APP,2023-12-05 00:00:00-05:00,36.97999954,37.38000107,36.61000061,37.06999969,2456500,0,0
APP,2023-12-06 00:00:00-05:00,37.13000107,37.79999924,36.29999924,36.59999847,1929500,0,0
APP,2023-12-07 00:00:00-05:00,36.52000046,37.06000137,36.36999893,36.84000015,1932000,0,0
APP,2023-12-08 00:00:00-05:00,36.52999878,37.61500168,36.52999878,37.36000061,1631300,0,0
APP,2023-12-11 00:00:00-05:00,37.27000046,37.90999985,36.58000183,36.74000168,3843100,0,0
APP,2023-12-12 00:00:00-05:00,36.56000137,36.75,35.79000092,36.25999832,4006800,0,0
APP,2023-12-13 00:00:00-05:00,36.36999893,38.02999878,36.33000183,37.93000031,3158300,0,0
APP,2023-12-14 00:00:00-05:00,38.25,39.59000015,38.13999939,38.68999863,4068300,0,0
APP,2023-12-15 00:00:00-05:00,38.79000092,40.24000168,38.72000122,39.95000076,4498800,0,0
APP,2023-12-18 00:00:00-05:00,40.56999969,41.04999924,39.91999817,40.86999893,2922500,0,0
APP,2023-12-19 00:00:00-05:00,41.45999908,44.40999985,41.25999832,43.59000015,3942400,0,0
APP,2023-12-20 00:00:00-05:00,43.61000061,44.56999969,43.02999878,43.09999847,2132600,0,0
APP,2023-12-21 00:00:00-05:00,43.91999817,44.11000061,42.32099915,43,1590100,0,0
APP,2023-12-22 00:00:00-05:00,42.38000107,42.47999954,41.13999939,41.20999908,1898100,0,0
RIOT,2022-12-23 00:00:00-05:00,3.775000095,3.799999952,3.640000105,3.680000067,4805300,0,0
RIOT,2022-12-27 00:00:00-05:00,3.640000105,3.660000086,3.410000086,3.420000076,6356100,0,0
RIOT,2022-12-28 00:00:00-05:00,3.380000114,3.5,3.25,3.289999962,6616600,0,0
RIOT,2022-12-29 00:00:00-05:00,3.359999895,3.50999999,3.289999962,3.420000076,6773800,0,0
RIOT,2022-12-30 00:00:00-05:00,3.329999924,3.420000076,3.279999971,3.390000105,6592800,0,0
RIOT,2023-01-03 00:00:00-05:00,3.49000001,3.670000076,3.299999952,3.369999886,7255600,0,0
RIOT,2023-01-04 00:00:00-05:00,3.440000057,3.950000048,3.380000114,3.880000114,12325300,0,0
RIOT,2023-01-05 00:00:00-05:00,3.859999895,4.27699995,3.700000048,4.21999979,14097000,0,0
RIOT,2023-01-06 00:00:00-05:00,4.119999886,4.349999905,3.960000038,4.28000021,10412900,0,0
RIOT,2023-01-09 00:00:00-05:00,4.480000019,5.230000019,4.453999996,4.889999866,20809400,0,0
RIOT,2023-01-10 00:00:00-05:00,4.880000114,5.670000076,4.699999809,5.639999866,22171700,0,0
RIOT,2023-01-11 00:00:00-05:00,5.519999981,5.885000229,5.210000038,5.369999886,19031800,0,0
RIOT,2023-01-12 00:00:00-05:00,5.710000038,6.159999847,5.264999866,6.150000095,27692800,0,0
RIOT,2023-01-13 00:00:00-05:00,5.940000057,6.494999886,5.860000134,6.019999981,29524800,0,0
RIOT,2023-01-17 00:00:00-05:00,6.579999924,6.619999886,5.889999866,6.409999847,27444600,0,0
RIOT,2023-01-18 00:00:00-05:00,6.449999809,6.630000114,5.639999866,5.710000038,23793100,0,0
RIOT,2023-01-19 00:00:00-05:00,5.619999886,5.885000229,5.519999981,5.78000021,13255800,0,0
RIOT,2023-01-20 00:00:00-05:00,5.849999905,6.21999979,5.619999886,6.199999809,19912300,0,0
RIOT,2023-01-23 00:00:00-05:00,6.230000019,6.630000114,6.03000021,6.480000019,23506100,0,0
RIOT,2023-01-24 00:00:00-05:00,6.320000172,6.619999886,6.110000134,6.139999866,21428800,0,0
RIOT,2023-01-25 00:00:00-05:00,5.849999905,6.275000095,5.699999809,6.230000019,12213000,0,0
RIOT,2023-01-26 00:00:00-05:00,6.460000038,6.579999924,6.059999943,6.130000114,11489500,0,0
RIOT,2023-01-27 00:00:00-05:00,6.03000021,6.389999866,5.949999809,6.329999924,11799300,0,0
RIOT,2023-01-30 00:00:00-05:00,6.269999981,6.840000153,5.920000076,5.940000057,18810700,0,0
RIOT,2023-01-31 00:00:00-05:00,6.059999943,6.320000172,5.949999809,6.269999981,14011200,0,0
RIOT,2023-02-01 00:00:00-05:00,6.239999771,6.949999809,6.059999943,6.860000134,18687900,0,0
RIOT,2023-02-02 00:00:00-05:00,7.21999979,7.78000021,7.03000021,7.489999771,27398500,0,0
RIOT,2023-02-03 00:00:00-05:00,7.099999905,7.769999981,6.800000191,6.840000153,18986600,0,0
RIOT,2023-02-06 00:00:00-05:00,6.690000057,6.81799984,6.380000114,6.679999828,13765000,0,0
RIOT,2023-02-07 00:00:00-05:00,6.699999809,6.699999809,6.179999828,6.599999905,18661500,0,0
RIOT,2023-02-08 00:00:00-05:00,6.5,7.038000107,6.440000057,6.519999981,14973100,0,0
RIOT,2023-02-09 00:00:00-05:00,6.605000019,6.650000095,5.630000114,5.650000095,17176000,0,0
RIOT,2023-02-10 00:00:00-05:00,5.650000095,5.739999771,5.420000076,5.510000229,9880200,0,0
RIOT,2023-02-13 00:00:00-05:00,5.320000172,5.539999962,5.179999828,5.46999979,7623800,0,0
RIOT,2023-02-14 00:00:00-05:00,5.420000076,6.008999825,5.320000172,5.900000095,13904900,0,0
RIOT,2023-02-15 00:00:00-05:00,6.039999962,6.789999962,5.954999924,6.659999847,20023300,0,0
RIOT,2023-02-16 00:00:00-05:00,6.570000172,7.25,6.349999905,6.360000134,22825300,0,0
RIOT,2023-02-17 00:00:00-05:00,6.349999905,6.699999809,6.130000114,6.590000153,19224700,0,0
RIOT,2023-02-21 00:00:00-05:00,6.474999905,6.800000191,6.179999828,6.21999979,12728500,0,0
RIOT,2023-02-22 00:00:00-05:00,6.190000057,6.449999809,6,6.349999905,13407700,0,0
RIOT,2023-02-23 00:00:00-05:00,6.449999809,6.539999962,6.139999866,6.369999886,11009300,0,0
RIOT,2023-02-24 00:00:00-05:00,6.170000076,6.21999979,5.730000019,5.869999886,12051500,0,0
RIOT,2023-02-27 00:00:00-05:00,6.039999962,6.119999886,5.869999886,6.010000229,7351100,0,0
RIOT,2023-02-28 00:00:00-05:00,6.019999981,6.519999981,5.929999828,6.25,12476400,0,0
RIOT,2023-03-01 00:00:00-05:00,6.380000114,6.429999828,6.068999767,6.139999866,10997100,0,0
RIOT,2023-03-02 00:00:00-05:00,5.989999771,6.269999981,5.769999981,6.179999828,10167800,0,0
RIOT,2023-03-03 00:00:00-05:00,5.974999905,6.480000019,5.829999924,6.340000153,13744600,0,0
RIOT,2023-03-06 00:00:00-05:00,6.369999886,6.880000114,6.170000076,6.369999886,13040500,0,0
RIOT,2023-03-07 00:00:00-05:00,6.329999924,6.53000021,6.150000095,6.170000076,8767700,0,0
RIOT,2023-03-08 00:00:00-05:00,6.170000076,6.389999866,6.070000172,6.300000191,8662300,0,0
RIOT,2023-03-09 00:00:00-05:00,6.190000057,6.300000191,5.510000229,5.53000021,12832900,0,0
RIOT,2023-03-10 00:00:00-05:00,5.460000038,5.630000114,5.159999847,5.300000191,11780000,0,0
RIOT,2023-03-13 00:00:00-04:00,5.510000229,6.349999905,5.329999924,6.25,23685800,0,0
RIOT,2023-03-14 00:00:00-04:00,6.789999962,7.269999981,6.570000172,6.889999866,30018800,0,0
RIOT,2023-03-15 00:00:00-04:00,6.820000172,7.079999924,6.349999905,6.690000057,16291000,0,0
RIOT,2023-03-16 00:00:00-04:00,6.75,7.130000114,6.618999958,7.050000191,12959400,0,0
RIOT,2023-03-17 00:00:00-04:00,7.579999924,8.460000038,7.175000191,8.100000381,40834400,0,0
RIOT,2023-03-20 00:00:00-04:00,8.630000114,8.760000229,8.029999733,8.550000191,29574900,0,0
RIOT,2023-03-21 00:00:00-04:00,8.470000267,9.170000076,8.369999886,9.069999695,25618600,0,0
RIOT,2023-03-22 00:00:00-04:00,9.100000381,9.390000343,8.039999962,8.100000381,30841500,0,0
RIOT,2023-03-23 00:00:00-04:00,8.31499958,9.720000267,8.244999886,9.470000267,31925100,0,0
RIOT,2023-03-24 00:00:00-04:00,9.210000038,9.25,8.350000381,8.630000114,26370500,0,0
RIOT,2023-03-27 00:00:00-04:00,8.739999771,8.744999886,7.909999847,8.039999962,16539900,0,0
RIOT,2023-03-28 00:00:00-04:00,7.920000076,8.305000305,7.659999847,8.109999657,15540800,0,0
RIOT,2023-03-29 00:00:00-04:00,8.539999962,9.239999771,8.460000038,9.229999542,23697500,0,0
RIOT,2023-03-30 00:00:00-04:00,9.409999847,9.539999962,9.050000191,9.140000343,18406900,0,0
RIOT,2023-03-31 00:00:00-04:00,9.25,10.10000038,9.142000198,9.989999771,26859600,0,0
RIOT,2023-04-03 00:00:00-04:00,9.81000042,9.949999809,9.239999771,9.670000076,17409600,0,0
RIOT,2023-04-04 00:00:00-04:00,9.819999695,9.930000305,9.229999542,9.56000042,14720300,0,0
RIOT,2023-04-05 00:00:00-04:00,9.640000343,9.75,9.010000229,9.149999619,15953300,0,0
RIOT,2023-04-06 00:00:00-04:00,8.970999718,9.390000343,8.760000229,9.159999847,12719100,0,0
RIOT,2023-04-10 00:00:00-04:00,9.170000076,10.61999989,8.93999958,10.57999992,30153900,0,0
RIOT,2023-04-11 00:00:00-04:00,10.98999977,12.55000019,10.80000019,12.38000011,55029300,0,0
RIOT,2023-04-12 00:00:00-04:00,12.26000023,13.14999962,11.94999981,12.35000038,48039100,0,0
RIOT,2023-04-13 00:00:00-04:00,12.68999958,13.85999966,12.68000031,13.5,44153800,0,0
RIOT,2023-04-14 00:00:00-04:00,13.82999992,13.89000034,12.75,13.47999954,30831200,0,0
RIOT,2023-04-17 00:00:00-04:00,12.52000046,12.97999954,12.11999989,12.93000031,19850200,0,0
RIOT,2023-04-18 00:00:00-04:00,13.67000008,14.4289999,13.25,13.44999981,26531200,0,0
RIOT,2023-04-19 00:00:00-04:00,12.56000042,12.90499973,12.09000015,12.10999966,20647200,0,0
RIOT,2023-04-20 00:00:00-04:00,11.72999954,12.09000015,10.85000038,10.89999962,20535700,0,0
RIOT,2023-04-21 00:00:00-04:00,11.32999992,11.32999992,10.5,10.52000046,18768700,0,0
RIOT,2023-04-24 00:00:00-04:00,10.47000027,10.80500031,10.11999989,10.39000034,18193800,0,0
RIOT,2023-04-25 00:00:00-04:00,10.32999992,11.14000034,10.06000042,10.71000004,27025100,0,0
RIOT,2023-04-26 00:00:00-04:00,11.98999977,12.07999992,10.86999989,10.90999985,40387000,0,0
RIOT,2023-04-27 00:00:00-04:00,11.22000027,11.92000008,10.75500011,11.84000015,28867000,0,0
RIOT,2023-04-28 00:00:00-04:00,11.65999985,12.10000038,11.31999969,11.96000004,22159000,0,0
RIOT,2023-05-01 00:00:00-04:00,11.60000038,11.63899994,10.36999989,10.52000046,19192300,0,0
RIOT,2023-05-02 00:00:00-04:00,10.64999962,11.97000027,10.31999969,11.77999973,22935300,0,0
RIOT,2023-05-03 00:00:00-04:00,11.39000034,11.51000023,10.65999985,10.73999977,27764600,0,0
RIOT,2023-05-04 00:00:00-04:00,10.80000019,11.14799976,10.53999996,10.84000015,23478600,0,0
RIOT,2023-05-05 00:00:00-04:00,10.82999992,11.68500042,10.71000004,11.53999996,28524300,0,0
RIOT,2023-05-08 00:00:00-04:00,10.84000015,10.85999966,10.19999981,10.48999977,23093900,0,0
RIOT,2023-05-09 00:00:00-04:00,10.67000008,11.56999969,10.61999989,11.43999958,18784400,0,0
RIOT,2023-05-10 00:00:00-04:00,11.84000015,12.89999962,11.68000031,12.27999973,31547700,0,0
RIOT,2023-05-11 00:00:00-04:00,11.94400024,12.10000038,10.41499996,10.71000004,25762300,0,0
RIOT,2023-05-12 00:00:00-04:00,10.60000038,10.84000015,10.34399986,10.60999966,16316100,0,0
RIOT,2023-05-15 00:00:00-04:00,10.93000031,11.31999969,10.64999962,11.07999992,17750400,0,0
RIOT,2023-05-16 00:00:00-04:00,10.77999973,11.03499985,10.55000019,10.85000038,12465800,0,0
RIOT,2023-05-17 00:00:00-04:00,10.65999985,11.60999966,10.60000038,11.52999973,16416800,0,0
RIOT,2023-05-18 00:00:00-04:00,11.28999996,11.82699966,10.68000031,11.06999969,16231600,0,0
RIOT,2023-05-19 00:00:00-04:00,11.26000023,11.52999973,10.89000034,11.07999992,14085800,0,0
RIOT,2023-05-22 00:00:00-04:00,11.00500011,12.19999981,10.82999992,12.19999981,21033000,0,0
RIOT,2023-05-23 00:00:00-04:00,12.39000034,12.61100006,11.25,11.27999973,23583000,0,0
RIOT,2023-05-24 00:00:00-04:00,11.06000042,11.47000027,10.56000042,11.27000046,18765600,0,0
RIOT,2023-05-25 00:00:00-04:00,11.35000038,11.52999973,10.65999985,11.06999969,13904600,0,0
RIOT,2023-05-26 00:00:00-04:00,11.10999966,11.84500027,10.72999954,10.92000008,18298000,0,0
RIOT,2023-05-30 00:00:00-04:00,11.71000004,12.79699993,11.59000015,12.02999973,34100600,0,0
RIOT,2023-05-31 00:00:00-04:00,11.57999992,12.03999996,11.36999989,12,19845600,0,0
RIOT,2023-06-01 00:00:00-04:00,11.78999996,12.70699978,11.59000015,12.40999985,21175500,0,0
RIOT,2023-06-02 00:00:00-04:00,12.71000004,12.71000004,11.36999989,11.71000004,34218300,0,0
RIOT,2023-06-05 00:00:00-04:00,11.28999996,11.60999966,10.44999981,10.68000031,28106100,0,0
RIOT,2023-06-06 00:00:00-04:00,10.14000034,10.97999954,9.699999809,10.89999962,26503000,0,0
RIOT,2023-06-07 00:00:00-04:00,10.77999973,11.19999981,10.28999996,10.43000031,19520700,0,0
RIOT,2023-06-08 00:00:00-04:00,10.43999958,10.85000038,10.36999989,10.55000019,11197900,0,0
RIOT,2023-06-09 00:00:00-04:00,10.71000004,10.77999973,10.22099972,10.32999992,9124500,0,0
RIOT,2023-06-12 00:00:00-04:00,10.21000004,10.35999966,10.02000046,10.23999977,10136600,0,0
RIOT,2023-06-13 00:00:00-04:00,10.57999992,10.68999958,10.10999966,10.26000023,10967800,0,0
RIOT,2023-06-14 00:00:00-04:00,10.30000019,10.52000046,10.02000046,10.14999962,12934300,0,0
RIOT,2023-06-15 00:00:00-04:00,9.800000191,10.13000011,9.416999817,9.970000267,15436200,0,0
RIOT,2023-06-16 00:00:00-04:00,10.06999969,10.47999954,9.829999924,10.39999962,18636800,0,0
RIOT,2023-06-20 00:00:00-04:00,10.64000034,11.28999996,10.11900043,11.25,27317200,0,0
RIOT,2023-06-21 00:00:00-04:00,11.65999985,12.06000042,11.46000004,11.68000031,34973600,0,0
RIOT,2023-06-22 00:00:00-04:00,11.75,11.97000027,10.76000023,11.23999977,20888300,0,0
RIOT,2023-06-23 00:00:00-04:00,11.10999966,12.10999966,10.89999962,11.60000038,29601300,0,0
RIOT,2023-06-26 00:00:00-04:00,11.48999977,12.18000031,10.72000027,10.77000046,22037400,0,0
RIOT,2023-06-27 00:00:00-04:00,11.06999969,11.71000004,10.88000011,11.64999962,25685600,0,0
RIOT,2023-06-28 00:00:00-04:00,11.42000008,11.97999954,11.23999977,11.53999996,16753300,0,0
RIOT,2023-06-29 00:00:00-04:00,11.86999989,12.36999989,11.51000023,11.65999985,21510800,0,0
RIOT,2023-06-30 00:00:00-04:00,12.07999992,12.40999985,11.19999981,11.81999969,30099300,0,0
RIOT,2023-07-03 00:00:00-04:00,11.92000008,13.45499992,11.86100006,13.35000038,29313400,0,0
RIOT,2023-07-05 00:00:00-04:00,12.81999969,13.85999966,12.64999962,13.59000015,28389700,0,0
RIOT,2023-07-06 00:00:00-04:00,13.77999973,13.88000011,12.78999996,13.53999996,23790800,0,0
RIOT,2023-07-07 00:00:00-04:00,13.42000008,15.55000019,13.42000008,15.47999954,41061000,0,0
RIOT,2023-07-10 00:00:00-04:00,15.75,16.90999985,15.11999989,16.86000061,34873100,0,0
RIOT,2023-07-11 00:00:00-04:00,16.79999924,17.65500069,16.32999992,17.51000023,35291300,0,0
RIOT,2023-07-12 00:00:00-04:00,18.04000092,18.63999939,17.23999977,17.64999962,40610100,0,0
RIOT,2023-07-13 00:00:00-04:00,17.87000084,20.53000069,17.81999969,20.29000092,53242000,0,0
RIOT,2023-07-14 00:00:00-04:00,20.25,20.64999962,18.77000046,19.12000084,38949400,0,0
RIOT,2023-07-17 00:00:00-04:00,19.17000008,20.27000046,18.20999908,18.47999954,31227800,0,0
RIOT,2023-07-18 00:00:00-04:00,18.09000015,18.85499954,17.82999992,18.28000069,20923100,0,0
RIOT,2023-07-19 00:00:00-04:00,18.63999939,19.42499924,18.28000069,18.93000031,25966700,0,0
RIOT,2023-07-20 00:00:00-04:00,19.14999962,19.5,18.23999977,18.46999931,23803300,0,0
RIOT,2023-07-21 00:00:00-04:00,18.75,18.84900093,17.40999985,18.37999916,22566700,0,0
RIOT,2023-07-24 00:00:00-04:00,17.62000084,18.02000046,16.82999992,17.43000031,19214700,0,0
RIOT,2023-07-25 00:00:00-04:00,17.54999924,18.83799934,17.54999924,17.95000076,18941000,0,0
RIOT,2023-07-26 00:00:00-04:00,18.03000069,18.58499908,17.70999908,18.45000076,16412300,0,0
RIOT,2023-07-27 00:00:00-04:00,19,19.12999916,17.44000053,17.60000038,17258100,0,0
RIOT,2023-07-28 00:00:00-04:00,18.06999969,18.69000053,17.87000084,18.37999916,16691700,0,0
RIOT,2023-07-31 00:00:00-04:00,18.62999916,19.19000053,18.17000008,18.52000046,18068200,0,0
RIOT,2023-08-01 00:00:00-04:00,18.12999916,18.40999985,17.06999969,18.22999954,19757500,0,0
RIOT,2023-08-02 00:00:00-04:00,18.20000076,19.20000076,17.54999924,17.96999931,22880200,0,0
RIOT,2023-08-03 00:00:00-04:00,17.71999931,18.60000038,17.61000061,17.80999947,18980600,0,0
RIOT,2023-08-04 00:00:00-04:00,17.98999977,18.12000084,17.07999992,17.11000061,15365100,0,0
RIOT,2023-08-07 00:00:00-04:00,16.98999977,17.04000092,15.31499958,16.31999969,17455500,0,0
RIOT,2023-08-08 00:00:00-04:00,16.80999947,17.36000061,16.21999931,17.09499931,19345400,0,0
RIOT,2023-08-09 00:00:00-04:00,17.21999931,17.29000092,16.29999924,16.34000015,18385500,0,0
RIOT,2023-08-10 00:00:00-04:00,16.39999962,16.63999939,14.81999969,15,19010300,0,0
RIOT,2023-08-11 00:00:00-04:00,14.84000015,15.69999981,14.63000011,15.22999954,17791700,0,0
RIOT,2023-08-14 00:00:00-04:00,15.02000046,15.06000042,14.35999966,14.65999985,17366800,0,0
RIOT,2023-08-15 00:00:00-04:00,14.56999969,14.85000038,13.65499973,13.69999981,16152200,0,0
RIOT,2023-08-16 00:00:00-04:00,13.42000008,13.52999973,12.93000031,13.10000038,18877700,0,0
RIOT,2023-08-17 00:00:00-04:00,12.72000027,12.76000023,11.65499973,11.71000004,23752300,0,0
RIOT,2023-08-18 00:00:00-04:00,11.11999989,11.65999985,10.96100044,11.06999969,19943100,0,0
RIOT,2023-08-21 00:00:00-04:00,11.17500019,11.27000046,10.55000019,10.72999954,18294600,0,0
RIOT,2023-08-22 00:00:00-04:00,10.89999962,10.98499966,10.47000027,10.55000019,13077100,0,0
RIOT,2023-08-23 00:00:00-04:00,10.52999973,11.31000042,10.46000004,11.11999989,19862900,0,0
RIOT,2023-08-24 00:00:00-04:00,11.06000042,11.06999969,10.19999981,10.35999966,12899000,0,0
RIOT,2023-08-25 00:00:00-04:00,10.46000004,10.76000023,10.06000042,10.36999989,12118600,0,0
RIOT,2023-08-28 00:00:00-04:00,10.47999954,10.81999969,10.375,10.48999977,10020400,0,0
RIOT,2023-08-29 00:00:00-04:00,10.39000034,12.55000019,10.35000038,12.30000019,42040200,0,0
RIOT,2023-08-30 00:00:00-04:00,12.02000046,12.18000031,11.56000042,12.05000019,22609100,0,0
RIOT,2023-08-31 00:00:00-04:00,12.06000042,12.27499962,11.22999954,11.35000038,18926600,0,0
RIOT,2023-09-01 00:00:00-04:00,11.39000034,11.56000042,10.75500011,11.03999996,15497300,0,0
RIOT,2023-09-05 00:00:00-04:00,10.97999954,11.22999954,10.72000027,10.97999954,9992700,0,0
RIOT,2023-09-06 00:00:00-04:00,10.97999954,11.64999962,10.93000031,11.23999977,17992400,0,0
RIOT,2023-09-07 00:00:00-04:00,11.09000015,11.52999973,10.55000019,11.38000011,12779500,0,0
RIOT,2023-09-08 00:00:00-04:00,11.30000019,11.34000015,10.76000023,10.94999981,17076400,0,0
RIOT,2023-09-11 00:00:00-04:00,10.80000019,10.98999977,10.08500004,10.14000034,16638000,0,0
RIOT,2023-09-12 00:00:00-04:00,10.68000031,11.18999958,10.40999985,10.53999996,20067300,0,0
RIOT,2023-09-13 00:00:00-04:00,10.59000015,10.71000004,10.22000027,10.27999973,13919300,0,0
RIOT,2023-09-14 00:00:00-04:00,10.60000038,11.24499989,10.59000015,10.97000027,20371900,0,0
RIOT,2023-09-15 00:00:00-04:00,10.97999954,10.97999954,10.59000015,10.77000046,12800000,0,0
RIOT,2023-09-18 00:00:00-04:00,11.36499977,11.59000015,10.90999985,10.93000031,22987200,0,0
RIOT,2023-09-19 00:00:00-04:00,11.02999973,11.16899967,10.40999985,10.43999958,19097400,0,0
RIOT,2023-09-20 00:00:00-04:00,10.42000008,10.56999969,9.989999771,10.02000046,16446300,0,0
RIOT,2023-09-21 00:00:00-04:00,9.710000038,9.760000229,9.319999695,9.579999924,15825400,0,0
RIOT,2023-09-22 00:00:00-04:00,9.649999619,9.758999825,9.180000305,9.239999771,10148700,0,0
RIOT,2023-09-25 00:00:00-04:00,9,9.380000114,8.911000252,9.260000229,15217300,0,0
RIOT,2023-09-26 00:00:00-04:00,9.119999886,9.369999886,9,9.06000042,9306300,0,0
RIOT,2023-09-27 00:00:00-04:00,9.300000191,9.529999733,8.819999695,9.020000458,15833100,0,0
RIOT,2023-09-28 00:00:00-04:00,9.079999924,9.909999847,8.954999924,9.430000305,22547900,0,0
RIOT,2023-09-29 00:00:00-04:00,9.539999962,9.619999886,9.210000038,9.329999924,14703800,0,0
RIOT,2023-10-02 00:00:00-04:00,10.10000038,10.94999981,9.800000191,9.880000114,32634600,0,0
RIOT,2023-10-03 00:00:00-04:00,9.649999619,9.890000343,8.670000076,8.779999733,19688400,0,0
RIOT,2023-10-04 00:00:00-04:00,9.010000229,9.140000343,8.604999542,9.06499958,16082200,0,0
RIOT,2023-10-05 00:00:00-04:00,9.159999847,9.364999771,8.779999733,9.010000229,15207000,0,0
RIOT,2023-10-06 00:00:00-04:00,8.779999733,9.977999687,8.779999733,9.920000076,19699500,0,0
RIOT,2023-10-09 00:00:00-04:00,9.510000229,10.21000004,9.510000229,10.17000008,16244800,0,0
RIOT,2023-10-10 00:00:00-04:00,10.13000011,10.59000015,9.960000038,10.15999985,16776900,0,0
RIOT,2023-10-11 00:00:00-04:00,9.960000038,10.07999992,9.140000343,9.404999733,16483300,0,0
RIOT,2023-10-12 00:00:00-04:00,9.319999695,9.479999542,9.112000465,9.199999809,8765900,0,0
RIOT,2023-10-13 00:00:00-04:00,9.25,9.279999733,8.960000038,9.149999619,10907600,0,0
RIOT,2023-10-16 00:00:00-04:00,10.02000046,10.47000027,9.100000381,9.420000076,36847900,0,0
RIOT,2023-10-17 00:00:00-04:00,9.25,9.93500042,9.119999886,9.670000076,18436800,0,0
RIOT,2023-10-18 00:00:00-04:00,9.569999695,9.675000191,8.699999809,8.840000153,20475400,0,0
RIOT,2023-10-19 00:00:00-04:00,8.960000038,9.18999958,8.680000305,8.819999695,16767600,0,0
RIOT,2023-10-20 00:00:00-04:00,9.100000381,9.399999619,8.819999695,8.869999886,20261700,0,0
RIOT,2023-10-23 00:00:00-04:00,9.119999886,10.03899956,8.975000381,9.670000076,38368300,0,0
RIOT,2023-10-24 00:00:00-04:00,10.81000042,11.36999989,10.30000019,10.67000008,51057500,0,0
RIOT,2023-10-25 00:00:00-04:00,10.88000011,11.27999973,10.46000004,10.56000042,37323800,0,0
RIOT,2023-10-26 00:00:00-04:00,10.25,10.46100044,9.460000038,9.789999962,24072400,0,0
RIOT,2023-10-27 00:00:00-04:00,10.02000046,10.18000031,9.460000038,9.539999962,16637300,0,0
RIOT,2023-10-30 00:00:00-04:00,9.920000076,10.27999973,9.380000114,9.609999657,18914900,0,0
RIOT,2023-10-31 00:00:00-04:00,9.569999695,9.850000381,9.270000458,9.779999733,14947700,0,0
RIOT,2023-11-01 00:00:00-04:00,10,10.28499985,9.659999847,10.21000004,24654600,0,0
RIOT,2023-11-02 00:00:00-04:00,10.55000019,11.31000042,10.38000011,11.30000019,28604100,0,0
RIOT,2023-11-03 00:00:00-04:00,11.02000046,11.59000015,10.88000011,11.39000034,27403700,0,0
RIOT,2023-11-06 00:00:00-05:00,11.63000011,11.94999981,10.71500015,11.01000023,21872300,0,0
RIOT,2023-11-07 00:00:00-05:00,10.90999985,11.17000008,10.43000031,11.06999969,20864900,0,0
RIOT,2023-11-08 00:00:00-05:00,10.80000019,10.82600021,10.06000042,10.27999973,22190800,0,0
RIOT,2023-11-09 00:00:00-05:00,11.10000038,12.07999992,10.125,10.21000004,53622500,0,0
RIOT,2023-11-10 00:00:00-05:00,10.31999969,10.48999977,9.699999809,10.35999966,25662200,0,0
RIOT,2023-11-13 00:00:00-05:00,10.11999989,10.14000034,9.534999847,9.789999962,18073300,0,0
RIOT,2023-11-14 00:00:00-05:00,10,10.22000027,9.329999924,9.729999542,22081300,0,0
RIOT,2023-11-15 00:00:00-05:00,9.890000343,10.83500004,9.68999958,10.68000031,31966600,0,0
RIOT,2023-11-16 00:00:00-05:00,10.19999981,10.27999973,9.729999542,10.15999985,20282700,0,0
RIOT,2023-11-17 00:00:00-05:00,10.23999977,10.52499962,9.890000343,10.47999954,16492500,0,0
RIOT,2023-11-20 00:00:00-05:00,10.59000015,11.53999996,10.59000015,11.31999969,25617600,0,0
RIOT,2023-11-21 00:00:00-05:00,11.01000023,11.38000011,10.71700001,11.17000008,19169700,0,0
RIOT,2023-11-22 00:00:00-05:00,11.27799988,11.64500046,10.67000008,11.60000038,20774500,0,0
RIOT,2023-11-24 00:00:00-05:00,11.64999962,12.26000023,11.41800022,12.02000046,18308800,0,0
RIOT,2023-11-27 00:00:00-05:00,11.5,12.14999962,11.36999989,11.81999969,18481200,0,0
RIOT,2023-11-28 00:00:00-05:00,12.14000034,12.90999985,11.80000019,12.85999966,33551000,0,0
RIOT,2023-11-29 00:00:00-05:00,12.88000011,13.28999996,12.64999962,13,25277500,0,0
RIOT,2023-11-30 00:00:00-05:00,13.02999973,13.14000034,12.51000023,12.55000019,16717000,0,0
RIOT,2023-12-01 00:00:00-05:00,12.75,13.81999969,12.71000004,13.77000046,31918000,0,0
RIOT,2023-12-04 00:00:00-05:00,15.14999962,15.68999958,14.36499977,15,45641100,0,0
RIOT,2023-12-05 00:00:00-05:00,15.01000023,16.02000046,14.85000038,15.14000034,46782600,0,0
RIOT,2023-12-06 00:00:00-05:00,15.39999962,15.47000027,14.68999958,14.76000023,34912400,0,0
RIOT,2023-12-07 00:00:00-05:00,14.27000046,15.14000034,14.11999989,14.88000011,22045600,0,0
RIOT,2023-12-08 00:00:00-05:00,15.09000015,15.97000027,15.03999996,15.82999992,31319200,0,0
RIOT,2023-12-11 00:00:00-05:00,14.84000015,14.85999966,13.52999973,14.02000046,31166900,0,0
RIOT,2023-12-12 00:00:00-05:00,14.18999958,14.27999973,13.80000019,14.06499958,16558600,0,0
RIOT,2023-12-13 00:00:00-05:00,14,15.25,13.73999977,15.23999977,33196900,0,0
RIOT,2023-12-14 00:00:00-05:00,15.19999981,15.84000015,14.89999962,15.75,30588000,0,0
RIOT,2023-12-15 00:00:00-05:00,15.44999981,15.77900028,15.06000042,15.63000011,25828400,0,0
RIOT,2023-12-18 00:00:00-05:00,15.17000008,16.43000031,15.15999985,16.39999962,33815600,0,0
RIOT,2023-12-19 00:00:00-05:00,17.03000069,17.67000008,16.14999962,16.68000031,43752200,0,0
RIOT,2023-12-20 00:00:00-05:00,17.54000092,17.95999908,16.39999962,16.45000076,45023500,0,0
RIOT,2023-12-21 00:00:00-05:00,16.95000076,16.96999931,16.27000046,16.75,30398700,0,0
RIOT,2023-12-22 00:00:00-05:00,16.75,18.38999939,16.52000046,17.78000069,45369800,0,0